full_name,team_name,now_cost,pts_last_5,roi,roi_last_5,variance,variance_last_5,total_points,minutes,selected_by_percent,id
Shkodran Mustafi,Arsenal,52,1.0,0.11538461538461539,0.019230769230769232,0.7593293672255275,0.16000000000000006,6,170,0.3,1
Héctor Bellerín,Arsenal,54,0.0,0.018518518518518517,0.0,0.04338842975206614,0.0,1,262,0.2,2
Sead Kolasinac,Arsenal,52,7.0,0.6538461538461539,0.1346153846153846,3.4297520661157024,3.84,34,1086,0.6,3
Ainsley Maitland-Niles,Arsenal,46,14.0,0.7391304347826086,0.30434782608695654,9.15702479338843,6.960000000000001,34,1120,2.7,4
Sokratis Papastathopoulos,Arsenal,49,19.0,1.0612244897959184,0.3877551020408163,12.685950413223141,32.16,52,1606,1.5,5
Nacho Monreal,Arsenal,50,0.0,0.2,0.0,2.2479338842975216,0.0,10,270,0.3,6
Laurent Koscielny,Arsenal,50,0.0,0.0,0.0,0.0,0.0,0,0,0.1,7
Konstantinos Mavropanos,Arsenal,44,0.0,0.0,0.0,0.0,0.0,0,0,0.0,8
Carl Jenkinson,Arsenal,45,0.0,0.0,0.0,0.0,0.0,0,0,0.0,9
Rob Holding,Arsenal,45,0.0,0.022222222222222223,0.0,0.04338842975206614,0.0,1,76,0.1,10
Pierre-Emerick Aubameyang,Arsenal,108,24.0,1.1759259259259258,0.2222222222222222,13.630165289256205,7.76,127,1943,16.0,11
Alexandre Lacazette,Arsenal,93,9.0,0.6021505376344086,0.0967741935483871,9.702479338842975,1.36,56,1024,1.9,12
Edward Nketiah,Arsenal,43,0.0,0.0,0.0,0.0,0.0,0,0,0.6,13
Bernd Leno,Arsenal,50,21.0,1.54,0.42,5.431818181818182,8.56,77,1980,5.3,14
Mesut Özil,Arsenal,72,10.0,0.4444444444444444,0.1388888888888889,2.793388429752066,1.2,32,974,1.2,15
Henrikh Mkhitaryan,Arsenal,68,0.0,0.058823529411764705,0.0,0.2396694214876032,0.0,4,110,0.8,16
Granit Xhaka,Arsenal,51,10.0,0.6862745098039216,0.19607843137254902,1.6053719008264464,1.2,35,1364,0.6,18
Lucas Torreira,Arsenal,47,9.0,0.7446808510638298,0.19148936170212766,1.696280991735537,0.9600000000000002,35,1118,1.3,19
Mohamed Elneny,Arsenal,43,0.0,0.0,0.0,0.0,0.0,0,0,0.7,20
Matteo Guendouzi,Arsenal,44,3.0,0.9090909090909091,0.06818181818181818,2.2396694214876036,0.24000000000000005,40,1455,6.1,21
David Luiz Moreira Marinho,Arsenal,57,19.0,0.9473684210526315,0.3333333333333333,12.975206611570247,10.56,54,1710,4.9,106
Emiliano Martínez,Arsenal,43,0.0,0.0,0.0,0.0,0.0,0,0,0.2,427
Calum Chambers,Arsenal,44,12.0,0.9545454545454546,0.2727272727272727,7.355371900826447,10.239999999999998,42,1102,0.8,467
Daniel Ceballos Fernández,Arsenal,52,0.0,0.5192307692307693,0.0,5.357438016528928,0.0,27,659,3.1,469
Nicolas Pépé,Arsenal,91,12.0,0.6483516483516484,0.13186813186813187,10.12603305785124,11.04,59,1169,2.4,488
Reiss Nelson,Arsenal,53,12.0,0.33962264150943394,0.22641509433962265,1.5123966942148757,2.2399999999999998,18,437,0.1,489
Joseph Willock,Arsenal,48,2.0,0.4166666666666667,0.041666666666666664,0.6280991735537188,0.24000000000000005,20,544,0.2,490
Gabriel Teodoro Martinelli Silva,Arsenal,45,3.0,0.4666666666666667,0.06666666666666667,2.679752066115702,0.6399999999999999,21,386,1.5,504
Kieran Tierney,Arsenal,53,0.0,0.09433962264150944,0.0,0.26652892561983466,0.0,5,296,0.4,515
Bukayo Saka,Arsenal,45,6.0,0.4444444444444444,0.13333333333333333,1.5371900826446279,0.9600000000000002,20,695,0.5,541
Emile Smith Rowe,Arsenal,44,3.0,0.09090909090909091,0.06818181818181818,0.42148760330578533,1.4400000000000002,4,96,0.0,576
Tyreece John-Jules,Arsenal,45,0.0,0.0,0.0,0.0,0.0,0,0,0.0,585
Ahmed El Mohamady,Aston Villa,42,6.0,0.4523809523809524,0.14285714285714285,3.4814049586776865,6.16,19,701,1.0,22
James Chester,Aston Villa,43,0.0,0.0,0.0,0.0,0.0,0,0,0.1,23
Neil Taylor,Aston Villa,43,0.0,0.3953488372093023,0.0,2.9938016528925626,0.4,17,793,0.2,24
Kortney Hause,Aston Villa,44,9.0,0.20454545454545456,0.20454545454545456,1.787190082644628,5.36,9,540,0.1,25
Jonathan Kodjia,Aston Villa,54,2.0,0.09259259259259259,0.037037037037037035,0.1756198347107438,0.24000000000000005,5,111,0.1,26
Ørjan Nyland,Aston Villa,43,1.0,0.06976744186046512,0.023255813953488372,0.20867768595041322,0.16000000000000003,3,177,0.3,27
Conor Hourihane,Aston Villa,57,14.0,0.8771929824561403,0.24561403508771928,13.3801652892562,6.960000000000001,50,839,0.2,28
Jack Grealish,Aston Villa,65,29.0,1.4615384615384615,0.4461538461538462,15.035123966942148,20.560000000000002,95,1793,19.0,29
Anwar El Ghazi,Aston Villa,55,11.0,1.2181818181818183,0.2,6.770661157024793,4.5600000000000005,67,1313,1.0,30
John McGinn,Aston Villa,55,1.0,1.1090909090909091,0.01818181818181818,7.175619834710744,0.16000000000000006,61,1537,3.3,31
Andre Green,Aston Villa,49,0.0,0.0,0.0,0.0,0.0,0,0,0.0,32
Birkir Bjarnason,Aston Villa,45,0.0,0.0,0.0,0.0,0.0,0,0,0.0,33
Keinan Davis,Aston Villa,43,0.0,0.13953488372093023,0.0,0.1983471074380166,0.0,6,74,0.2,34
Henri Lansbury,Aston Villa,44,4.0,0.25,0.09090909090909091,0.4318181818181818,0.56,11,189,0.4,35
José Ignacio Peleteiro Romallo,Aston Villa,58,2.0,0.25862068965517243,0.034482758620689655,1.8533057851239667,0.24000000000000005,15,310,0.1,36
Tom Heaton,Aston Villa,44,16.0,1.3409090909090908,0.36363636363636365,5.944214876033057,12.159999999999998,59,1794,3.8,94
Daniel Drinkwater,Aston Villa,44,2.0,0.06818181818181818,0.045454545454545456,0.20867768595041325,0.6400000000000001,3,136,0.6,120
Matt Targett,Aston Villa,44,9.0,1.1136363636363635,0.20454545454545456,10.902892561983471,4.960000000000001,49,1148,1.0,309
Wesley Moraes,Aston Villa,56,11.0,1.1964285714285714,0.19642857142857142,9.861570247933885,4.16,67,1782,1.1,428
Jed Steer,Aston Villa,44,0.0,0.022727272727272728,0.0,0.04338842975206614,0.0,1,7,0.1,429
Tyrone Mings,Aston Villa,45,1.0,0.9777777777777777,0.022222222222222223,5.909090909090909,0.9600000000000002,44,1552,2.8,445
Ezri Konsa Ngoyo,Aston Villa,43,8.0,0.4883720930232558,0.18604651162790697,3.225206611570248,5.840000000000001,21,825,0.1,452
Bjorn Engels,Aston Villa,45,1.0,0.7555555555555555,0.022222222222222223,5.884297520661158,0.16000000000000006,34,1221,0.5,455
Frédéric Guilbert,Aston Villa,44,3.0,0.9772727272727273,0.06818181818181818,5.861570247933884,0.6399999999999999,43,1358,0.7,458
Mahmoud Ahmed Ibrahim Hassan,Aston Villa,52,11.0,0.9615384615384616,0.21153846153846154,6.198347107438016,2.16,50,1081,1.2,465
Douglas Luiz Soares de Paulo,Aston Villa,44,15.0,1.2272727272727273,0.3409090909090909,4.611570247933883,4.0,54,1295,3.6,470
Lovre Kalinic,Aston Villa,43,0.0,0.0,0.0,0.0,0.0,0,0,0.1,474
Marvelous Nakamba,Aston Villa,44,6.0,0.5909090909090909,0.13636363636363635,0.9669421487603302,0.56,26,1172,0.8,491
Indiana Vassilev,Aston Villa,45,0.0,0.0,0.0,0.0,0.0,0,0,0.0,600
Steve Cook,Bournemouth,50,3.0,0.92,0.06,7.082644628099174,0.6399999999999999,46,1620,0.3,58
Nathan Aké,Bournemouth,48,1.0,1.0625,0.020833333333333332,7.2169421487603325,0.16000000000000003,51,1474,6.4,59
Charlie Daniels,Bournemouth,43,0.0,0.06976744186046512,0.0,0.20867768595041322,0.0,3,126,0.1,60
Chris Mepham,Bournemouth,43,4.0,0.6046511627906976,0.09302325581395349,5.421487603305786,0.56,26,901,0.8,61
Simon Francis,Bournemouth,44,2.0,0.25,0.045454545454545456,2.7045454545454546,0.24000000000000005,11,548,0.0,62
Adam Smith,Bournemouth,43,0.0,0.7441860465116279,0.0,7.793388429752064,0.0,32,927,0.4,63
Lloyd Kelly,Bournemouth,44,0.0,0.0,0.0,0.0,0.0,0,0,0.0,64
Diego Rico,Bournemouth,44,1.0,1.1590909090909092,0.022727272727272728,8.489669421487603,0.56,51,1433,13.4,65
Jack Simpson,Bournemouth,40,3.0,0.075,0.075,0.20867768595041322,0.6399999999999999,3,167,7.9,66
Callum Wilson,Bournemouth,74,7.0,0.9324324324324325,0.0945945945945946,8.117768595041323,0.24,69,1716,4.7,67
Joshua King,Bournemouth,61,6.0,0.9508196721311475,0.09836065573770492,10.049586776859504,0.9600000000000002,58,1307,3.5,68
Dominic Solanke,Bournemouth,52,7.0,0.5576923076923077,0.1346153846153846,0.4896694214876034,0.64,29,1040,0.3,69
Sam Surridge,Bournemouth,43,1.0,0.023255813953488372,0.023255813953488372,0.043388429752066124,0.16000000000000003,1,15,0.5,71
Asmir Begovic,Bournemouth,42,0.0,0.0,0.0,0.0,0.0,0,0,0.8,72
Artur Boruc,Bournemouth,43,0.0,0.0,0.0,0.0,0.0,0,0,0.3,73
Mark Travers,Bournemouth,42,1.0,0.023809523809523808,0.023809523809523808,0.043388429752066124,0.16000000000000003,1,90,0.2,74
Ryan Fraser,Bournemouth,69,8.0,0.782608695652174,0.11594202898550725,3.066115702479338,0.24,54,1508,2.8,75
David Brooks,Bournemouth,63,0.0,0.0,0.0,0.0,0.0,0,0,0.1,76
Junior Stanislas,Bournemouth,59,3.0,0.05084745762711865,0.05084745762711865,0.20867768595041322,0.6399999999999999,3,106,0.0,77
Jordon Ibe,Bournemouth,46,0.0,0.043478260869565216,0.0,0.08264462809917353,0.0,2,48,0.2,78
Lewis Cook,Bournemouth,50,5.0,0.52,0.1,1.3305785123966942,0.0,26,825,0.0,79
Andrew Surman,Bournemouth,47,0.0,0.06382978723404255,0.0,0.11776859504132227,0.0,3,57,0.0,80
Dan Gosling,Bournemouth,49,15.0,0.5102040816326531,0.30612244897959184,4.572314049586778,6.4,25,520,0.1,81
Jefferson Lerma,Bournemouth,48,6.0,0.7291666666666666,0.125,2.5144628099173554,0.56,35,1556,0.1,82
Jack Stacey,Bournemouth,43,11.0,0.5348837209302325,0.2558139534883721,4.043388429752066,8.96,23,796,0.1,446
Philip Billing,Bournemouth,50,8.0,0.76,0.16,1.9256198347107434,3.0399999999999996,38,1532,0.1,476
Arnaut Danjuma Groeneveld,Bournemouth,58,0.0,0.3103448275862069,0.0,1.6942148760330582,0.0,18,405,0.0,492
Aaron Ramsdale,Bournemouth,47,7.0,1.6382978723404256,0.14893617021276595,8.977272727272727,0.64,77,1890,5.6,494
Harry Wilson,Bournemouth,59,6.0,1.1016949152542372,0.1016949152542373,10.679752066115704,0.56,65,1077,2.1,505
Christian Saydee,Bournemouth,45,0.0,0.0,0.0,0.0,0.0,0,0,0.0,564
Gavin Kilkenny,Bournemouth,45,0.0,0.0,0.0,0.0,0.0,0,0,0.0,565
Mihai-Alexandru Dobre,Bournemouth,45,0.0,0.0,0.0,0.0,0.0,0,0,0.0,574
Shane Duffy,Brighton,48,8.0,0.6458333333333334,0.16666666666666666,4.241735537190082,5.040000000000001,31,891,1.0,37
Martín Montoya,Brighton,44,11.0,1.1818181818181819,0.25,8.867768595041323,4.159999999999999,52,1443,0.7,38
Bernardo Fernandes da Silva Junior,Brighton,43,11.0,0.32558139534883723,0.2558139534883721,2.8677685950413223,8.96,14,301,0.1,39
Leon Balogun,Brighton,44,0.0,0.0,0.0,0.0,0.0,0,0,0.1,40
Gaëtan Bong,Brighton,43,0.0,0.06976744186046512,0.0,0.11776859504132227,0.0,3,57,0.1,41
Lewis Dunk,Brighton,48,16.0,1.5833333333333333,0.3333333333333333,11.702479338842972,7.359999999999999,76,1800,14.2,42
Matthew Clarke,Brighton,44,0.0,0.0,0.0,0.0,0.0,0,0,0.0,43
Glenn Murray,Brighton,54,3.0,0.3148148148148148,0.05555555555555555,0.4483471074380166,0.24000000000000005,17,414,0.7,44
Jürgen Locadia,Brighton,52,0.0,0.057692307692307696,0.0,0.20867768595041322,0.0,3,85,0.1,45
Florin Andone,Brighton,48,0.0,0.10416666666666667,0.0,1.8119834710743796,0.0,5,71,0.4,46
Mathew Ryan,Brighton,48,16.0,1.75,0.3333333333333333,6.421487603305786,2.16,84,1980,17.9,47
David Button,Brighton,40,0.0,0.0,0.0,0.0,0.0,0,0,19.8,48
Pascal Groß,Brighton,64,6.0,0.90625,0.09375,5.140495867768595,2.1599999999999993,58,1267,0.5,49
Alireza Jahanbakhsh,Brighton,58,18.0,0.3275862068965517,0.3103448275862069,5.299586776859504,13.440000000000001,19,188,0.1,50
José Heriberto Izquierdo Mena,Brighton,54,0.0,0.0,0.0,0.0,0.0,0,0,0.0,51
Anthony Knockaert,Brighton,54,0.0,0.0,0.0,0.0,0.0,0,0,0.0,52
Yves Bissouma,Brighton,50,5.0,0.26,0.1,0.6962809917355374,1.2,13,402,0.0,53
Davy Pröpper,Brighton,49,9.0,0.9183673469387755,0.1836734693877551,3.0433884297520652,0.9600000000000002,45,1710,0.3,54
Solomon March,Brighton,46,0.0,0.45652173913043476,0.0,3.952479338842973,0.0,21,598,0.2,55
Beram Kayal,Brighton,43,0.0,0.0,0.0,0.0,0.0,0,0,0.2,56
Dale Stephens,Brighton,44,7.0,0.9545454545454546,0.1590909090909091,1.0826446280991737,0.64,42,1669,2.1,57
Leandro Trossard,Brighton,58,13.0,0.9310344827586207,0.22413793103448276,7.793388429752065,5.040000000000001,54,962,0.4,421
Dan Burn,Brighton,45,9.0,1.0444444444444445,0.2,4.845041322314049,4.960000000000001,47,1821,0.2,475
Adam Webster,Brighton,44,16.0,1.1590909090909092,0.36363636363636365,9.944214876033058,12.159999999999998,51,1475,0.7,493
Neal Maupay,Brighton,58,11.0,1.396551724137931,0.1896551724137931,8.12603305785124,2.1600000000000006,81,1626,2.3,502
Aaron Mooy,Brighton,48,17.0,0.8541666666666666,0.3541666666666667,7.481404958677687,15.040000000000001,41,1052,0.6,516
Aaron Connolly,Brighton,44,4.0,0.8409090909090909,0.09090909090909091,8.853305785123966,0.56,37,715,1.4,534
Tudor Baluta,Brighton,40,0.0,0.0,0.0,0.0,0.0,0,0,0.2,536
Steven Alzate,Brighton,45,6.0,0.6,0.13333333333333333,1.0847107438016528,0.56,27,964,0.1,537
Ezequiel Schelotto,Brighton,40,1.0,0.1,0.025,0.14876033057851235,0.16000000000000006,4,123,0.5,546
Ben Mee,Burnley,50,10.0,1.08,0.2,5.338842975206612,4.4,54,1980,0.8,83
James Tarkowski,Burnley,51,10.0,1.4313725490196079,0.19607843137254902,19.58057851239669,4.4,73,1980,3.8,84
Matthew Lowton,Burnley,42,1.0,0.6904761904761905,0.023809523809523808,4.489669421487604,0.16000000000000003,29,1170,0.4,85
Phil Bardsley,Burnley,43,9.0,0.627906976744186,0.20930232558139536,5.266528925619834,4.960000000000001,27,810,0.2,86
Charlie Taylor,Burnley,42,11.0,0.6190476190476191,0.2619047619047619,4.512396694214877,6.16,26,745,0.8,87
Kevin Long,Burnley,43,1.0,0.023255813953488372,0.023255813953488372,0.04338842975206613,0.16000000000000006,1,2,0.1,88
Ben Gibson,Burnley,39,0.0,0.0,0.0,0.0,0.0,0,0,2.5,89
Ashley Barnes,Burnley,62,5.0,0.9838709677419355,0.08064516129032258,9.630165289256198,0.4,61,1350,2.6,90
Chris Wood,Burnley,62,15.0,1.2419354838709677,0.24193548387096775,10.613636363636363,4.0,77,1648,0.9,91
Matej Vydra,Burnley,53,1.0,0.16981132075471697,0.018867924528301886,0.7871900826446279,0.16000000000000003,9,100,0.1,92
Nick Pope,Burnley,46,15.0,1.673913043478261,0.32608695652173914,8.159090909090908,4.4,77,1980,12.9,93
Joe Hart,Burnley,42,0.0,0.0,0.0,0.0,0.0,0,0,1.1,95
Johann Berg Gudmundsson,Burnley,59,3.0,0.3389830508474576,0.05084745762711865,3.991735537190083,0.24000000000000005,20,398,0.4,96
Dwight McNeil,Burnley,60,8.0,1.1333333333333333,0.13333333333333333,3.8099173553719017,0.24,68,1899,0.5,97
Robbie Brady,Burnley,55,6.0,0.509090909090909,0.10909090909090909,2.925619834710744,0.9600000000000002,28,394,0.0,98
Steven Defour,Burnley,55,0.0,0.0,0.0,0.0,0.0,0,0,0.0,99
Jeff Hendrick,Burnley,54,5.0,0.9074074074074074,0.09259259259259259,5.4483471074380185,0.8,49,1302,0.1,100
Ashley Westwood,Burnley,54,16.0,1.1296296296296295,0.2962962962962963,5.357438016528925,3.7600000000000002,61,1710,0.4,101
Jack Cork,Burnley,49,11.0,0.9183673469387755,0.22448979591836735,0.6797520661157026,0.15999999999999998,45,1735,0.2,102
Aaron Lennon,Burnley,46,2.0,0.2826086956521739,0.043478260869565216,0.42355371900826455,0.24000000000000005,13,475,0.1,430
Erik Pieters,Burnley,43,0.0,0.9767441860465116,0.0,12.628099173553714,0.0,42,1233,4.9,447
Jay Rodriguez,Burnley,57,12.0,0.7017543859649122,0.21052631578947367,3.330578512396694,8.239999999999998,40,769,0.2,451
Bailey Peacock-Farrell,Burnley,44,0.0,0.0,0.0,0.0,0.0,0,0,0.1,495
Mace Goodridge,Burnley,45,0.0,0.0,0.0,0.0,0.0,0,0,0.0,571
Anthony Driscoll-Glennon,Burnley,40,0.0,0.0,0.0,0.0,0.0,0,0,0.0,572
Abd-Al-Ali Morakinyo Olaposi Koiki,Burnley,40,0.0,0.0,0.0,0.0,0.0,0,0,0.0,596
Marcos Alonso,Chelsea,60,11.0,0.7833333333333333,0.18333333333333332,14.572314049586772,19.360000000000007,47,588,2.1,103
Antonio Rüdiger,Chelsea,60,15.0,0.3,0.25,2.6033057851239665,4.4,18,585,0.3,104
César Azpilicueta,Chelsea,58,32.0,1.1724137931034482,0.5517241379310345,10.809917355371901,20.240000000000002,68,1789,5.4,105
Emerson Palmieri dos Santos,Chelsea,55,2.0,0.32727272727272727,0.03636363636363636,1.4214876033057848,0.24000000000000005,18,915,0.8,107
Andreas Christensen,Chelsea,49,6.0,0.3469387755102041,0.12244897959183673,2.630165289256199,5.76,17,761,0.6,108
Davide Zappacosta,Chelsea,43,0.0,0.0,0.0,0.0,0.0,0,0,0.2,109
Olivier Giroud,Chelsea,66,0.0,0.10606060606060606,0.0,0.3987603305785123,0.0,7,190,1.0,110
Kepa Arrizabalaga,Chelsea,55,18.0,1.0909090909090908,0.32727272727272727,3.56198347107438,4.24,60,1980,5.1,111
Willy Caballero,Chelsea,48,0.0,0.0,0.0,0.0,0.0,0,0,0.2,112
Willian Borges Da Silva,Chelsea,72,33.0,1.2777777777777777,0.4583333333333333,16.694214876033058,26.240000000000002,92,1540,6.6,113
Pedro Rodríguez Ledesma,Chelsea,68,1.0,0.14705882352941177,0.014705882352941176,0.7933884297520659,0.16000000000000006,10,310,1.1,114
Ruben Loftus-Cheek,Chelsea,63,0.0,0.0,0.0,0.0,0.0,0,0,0.1,115
Callum Hudson-Odoi,Chelsea,53,12.0,0.6792452830188679,0.22641509433962265,6.322314049586777,8.239999999999998,36,498,0.6,116
Ross Barkley,Chelsea,56,3.0,0.21428571428571427,0.05357142857142857,0.884297520661157,1.44,12,425,1.3,117
Jorge Luiz Frello Filho,Chelsea,49,18.0,1.2857142857142858,0.3673469387755102,8.117768595041325,9.440000000000001,63,1513,3.4,118
N'Golo Kanté,Chelsea,50,7.0,0.84,0.14,6.264462809917355,1.0400000000000003,42,1124,4.4,119
Ethan Ampadu,Chelsea,44,0.0,0.0,0.0,0.0,0.0,0,0,0.0,121
Christian Pulisic,Chelsea,70,4.0,1.0,0.05714285714285714,19.51239669421488,1.36,70,1069,4.6,431
Mateo Kovacic,Chelsea,53,7.0,0.9056603773584906,0.1320754716981132,5.148760330578512,3.84,48,1327,1.0,432
Kurt Zouma,Chelsea,47,9.0,0.7872340425531915,0.19148936170212766,3.8533057851239674,2.9600000000000004,37,1668,2.0,459
Tammy Abraham,Chelsea,78,22.0,1.5512820512820513,0.28205128205128205,20.613636363636363,4.24,121,1660,34.0,460
Michy Batshuayi,Chelsea,66,1.0,0.3484848484848485,0.015151515151515152,2.40702479338843,0.16000000000000006,23,118,0.5,461
Robert Kenedy Nunes do Nascimento,Chelsea,53,0.0,0.0,0.0,0.0,0.0,0,0,0.0,462
Mason Mount,Chelsea,62,14.0,1.3709677419354838,0.22580645161290322,6.845041322314051,0.96,85,1801,18.6,463
Reece James,Chelsea,50,13.0,0.62,0.26,7.241735537190082,17.84,31,601,0.4,506
Fikayo Tomori,Chelsea,47,8.0,1.0,0.1702127659574468,9.117768595041321,7.440000000000002,47,1228,3.4,529
Billy Gilmour,Chelsea,45,0.0,0.044444444444444446,0.0,0.08264462809917353,0.0,2,9,0.0,533
Addji Keaninkin Marc-Israel Guehi,Chelsea,40,0.0,0.0,0.0,0.0,0.0,0,0,0.1,545
Tariq Lamptey,Chelsea,40,1.0,0.025,0.025,0.04338842975206613,0.16000000000000006,1,31,0.1,586
Patrick van Aanholt,Crystal Palace,55,4.0,1.0,0.07272727272727272,9.704545454545455,0.9600000000000002,55,1442,4.7,123
James Tomkins,Crystal Palace,50,17.0,0.9,0.34,7.952479338842976,11.04,45,1252,0.8,124
Mamadou Sakho,Crystal Palace,50,5.0,0.14,0.1,0.7623966942148762,0.8,7,465,0.1,125
Joel Ward,Crystal Palace,43,0.0,0.8837209302325582,0.0,6.925619834710742,0.0,38,1102,1.1,126
Scott Dann,Crystal Palace,43,0.0,0.3488372093023256,0.0,2.307851239669421,0.0,15,335,0.1,127
Martin Kelly,Crystal Palace,44,10.0,1.4090909090909092,0.22727272727272727,6.876033057851239,0.0,62,1396,31.1,128
Christian Benteke,Crystal Palace,57,2.0,0.2982456140350877,0.03508771929824561,0.44834710743801653,0.6400000000000002,17,486,0.5,129
Connor Wickham,Crystal Palace,44,11.0,0.29545454545454547,0.25,2.6962809917355375,8.16,13,60,2.2,130
Vicente Guaita,Crystal Palace,51,13.0,1.607843137254902,0.2549019607843137,9.3801652892562,0.24,82,1800,2.9,131
Wayne Hennessey,Crystal Palace,43,0.0,0.13953488372093023,0.0,0.8347107438016529,0.0,6,180,0.6,132
Wilfried Zaha,Crystal Palace,68,13.0,1.0735294117647058,0.19117647058823528,6.489669421487601,1.44,73,1915,9.9,133
Luka Milivojevic,Crystal Palace,67,11.0,0.8656716417910447,0.16417910447761194,6.413223140495868,2.56,58,1785,2.1,134
Andros Townsend,Crystal Palace,56,0.0,0.5892857142857143,0.0,2.7045454545454546,0.0,33,778,1.0,135
Max Meyer,Crystal Palace,52,8.0,0.28846153846153844,0.15384615384615385,0.6714876033057852,0.24,15,481,0.1,136
Jeffrey Schlupp,Crystal Palace,55,0.0,0.7272727272727273,0.0,6.512396694214875,0.0,40,856,0.1,137
James McArthur,Crystal Palace,52,9.0,1.0961538461538463,0.17307692307692307,2.332644628099173,0.16,57,1822,0.7,138
Cheikhou Kouyaté,Crystal Palace,49,20.0,1.183673469387755,0.40816326530612246,4.0495867768595035,11.2,58,1547,0.2,139
Luke Dreher,Crystal Palace,43,0.0,0.0,0.0,0.0,0.0,0,0,0.1,140
Cenk Tosun,Crystal Palace,57,3.0,0.22807017543859648,0.05263157894736842,1.4235537190082646,0.6399999999999999,13,310,0.1,146
James McCarthy,Crystal Palace,44,8.0,0.4090909090909091,0.18181818181818182,0.512396694214876,0.24,18,619,0.6,157
Jordan Ayew,Crystal Palace,50,27.0,1.66,0.54,12.266528925619832,18.240000000000002,83,1752,7.3,468
Gary Cahill,Crystal Palace,44,2.0,0.75,0.045454545454545456,5.340909090909091,0.6400000000000001,33,1170,1.1,503
Víctor Camarasa,Crystal Palace,45,0.0,0.022222222222222223,0.0,0.04338842975206614,0.0,1,5,0.2,510
Jairo Riedewald,Crystal Palace,45,7.0,0.2,0.15555555555555556,0.5144628099173554,0.64,9,385,0.0,539
Stephen Henderson,Crystal Palace,40,0.0,0.0,0.0,0.0,0.0,0,0,0.4,556
Sam Woods,Crystal Palace,40,0.0,0.0,0.0,0.0,0.0,0,0,0.0,578
Tyrick Mitchell,Crystal Palace,40,0.0,0.0,0.0,0.0,0.0,0,0,0.0,579
Brandon Pierrick,Crystal Palace,45,1.0,0.022222222222222223,0.022222222222222223,0.043388429752066124,0.16000000000000003,1,7,0.0,580
James Daly,Crystal Palace,45,0.0,0.0,0.0,0.0,0.0,0,0,0.0,581
Nya Kirby,Crystal Palace,45,0.0,0.0,0.0,0.0,0.0,0,0,0.0,588
Alex Iwobi,Everton,56,1.0,0.625,0.017857142857142856,3.4235537190082637,0.16000000000000006,35,1039,0.9,17
Lucas Digne,Everton,57,28.0,1.263157894736842,0.49122807017543857,13.471074380165287,21.04,72,1791,12.2,141
Yerry Mina,Everton,53,15.0,0.9245283018867925,0.2830188679245283,7.539256198347108,8.4,49,1635,2.1,142
Michael Keane,Everton,53,9.0,0.9433962264150944,0.16981132075471697,6.016528925619834,4.96,50,1459,2.1,143
Seamus Coleman,Everton,53,8.0,0.5471698113207547,0.1509433962264151,5.035123966942149,5.040000000000001,29,963,1.2,144
Leighton Baines,Everton,49,2.0,0.16326530612244897,0.04081632653061224,1.231404958677686,0.6400000000000002,8,152,0.2,145
Dominic Calvert-Lewin,Everton,59,23.0,1.1864406779661016,0.3898305084745763,12.148760330578513,18.639999999999997,70,1307,6.9,147
Jordan Pickford,Everton,53,22.0,1.3396226415094339,0.41509433962264153,4.721074380165289,2.6399999999999997,71,1980,7.2,148
Maarten Stekelenburg,Everton,40,0.0,0.0,0.0,0.0,0.0,0,0,7.8,149
Richarlison de Andrade,Everton,81,29.0,1.3333333333333333,0.35802469135802467,11.537190082644628,6.959999999999999,108,1902,13.3,150
Gylfi Sigurdsson,Everton,73,17.0,0.7534246575342466,0.2328767123287671,2.522727272727273,3.44,55,1571,2.6,151
Bernard Anício Caldeira Duarte,Everton,64,6.0,0.65625,0.09375,8.90082644628099,2.1599999999999997,42,723,0.6,152
Theo Walcott,Everton,62,10.0,0.4838709677419355,0.16129032258064516,2.1404958677685952,2.0,30,693,0.4,153
Tom Davies,Everton,53,8.0,0.6792452830188679,0.1509433962264151,4.413223140495868,0.64,36,1096,0.2,154
Ademola Lookman,Everton,50,0.0,0.0,0.0,0.0,0.0,0,0,0.0,155
Idrissa Gueye,Everton,50,0.0,0.0,0.0,0.0,0.0,0,0,0.0,156
Morgan Schneiderlin,Everton,44,0.0,0.29545454545454547,0.0,0.6053719008264465,0.0,13,737,0.6,158
Fabian Delph,Everton,53,16.0,0.41509433962264153,0.3018867924528302,4.090909090909091,10.16,22,856,0.2,205
André Filipe Tavares Gomes,Everton,52,0.0,0.25,0.0,0.6962809917355375,0.0,13,584,0.3,422
Lewis Gibson,Everton,43,0.0,0.0,0.0,0.0,0.0,0,0,0.1,477
Mason Holgate,Everton,44,22.0,0.9090909090909091,0.5,5.1487603305785115,5.84,40,1188,1.4,478
Jonas Lössl,Everton,43,0.0,0.0,0.0,0.0,0.0,0,0,0.3,479
Moise Kean,Everton,64,5.0,0.34375,0.078125,1.0909090909090908,0.4,22,454,1.4,496
Jean-Philippe Gbamin,Everton,48,0.0,0.08333333333333333,0.0,0.42148760330578533,0.0,4,135,0.0,497
Djibril Sidibé,Everton,54,29.0,1.0555555555555556,0.5370370370370371,10.87809917355372,12.16,57,1119,2.2,511
Beni Baningime,Everton,45,0.0,0.0,0.0,0.0,0.0,0,0,0.0,557
Anthony Gordon,Everton,45,0.0,0.0,0.0,0.0,0.0,0,0,0.0,561
Oumar Niasse,Everton,45,0.0,0.022222222222222223,0.0,0.04338842975206613,0.0,1,1,0.0,570
Rhu-endly Martina,Everton,40,0.0,0.0,0.0,0.0,0.0,0,0,0.0,577
Ricardo Domingos Barbosa Pereira,Leicester,64,8.0,1.453125,0.125,12.266528925619836,5.040000000000001,93,1890,14.6,159
Benjamin Chilwell,Leicester,57,8.0,1.3333333333333333,0.14035087719298245,17.793388429752067,5.040000000000001,76,1609,10.8,161
Jonny Evans,Leicester,53,10.0,1.6415094339622642,0.18867924528301888,10.679752066115702,4.4,87,1944,7.0,162
Christian Fuchs,Leicester,43,10.0,0.4883720930232558,0.23255813953488372,4.225206611570248,9.6,21,454,0.4,163
Çaglar Söyüncü,Leicester,51,9.0,1.607843137254902,0.17647058823529413,11.3801652892562,9.760000000000002,82,1890,19.6,164
Wes Morgan,Leicester,41,3.0,0.17073170731707318,0.07317073170731707,0.3078512396694215,0.6399999999999999,7,152,0.6,165
Jamie Vardy,Leicester,100,16.0,1.49,0.16,28.539256198347108,11.760000000000002,149,1800,50.5,166
Kelechi Iheanacho,Leicester,57,9.0,0.543859649122807,0.15789473684210525,9.96900826446281,4.96,31,313,0.4,167
Kasper Schmeichel,Leicester,54,18.0,1.6296296296296295,0.3333333333333333,4.181818181818182,4.24,88,1980,16.0,168
Eldin Jakupovic,Leicester,43,0.0,0.0,0.0,0.0,0.0,0,0,0.1,169
Danny Ward,Leicester,43,0.0,0.0,0.0,0.0,0.0,0,0,0.2,170
James Maddison,Leicester,77,17.0,1.3636363636363635,0.22077922077922077,12.811983471074381,14.639999999999997,105,1769,26.5,171
Harvey Barnes,Leicester,59,8.0,1.0338983050847457,0.13559322033898305,7.539256198347107,3.0399999999999996,61,1128,0.6,172
Rachid Ghezzal,Leicester,52,0.0,0.0,0.0,0.0,0.0,0,0,0.0,173
Marc Albrighton,Leicester,52,4.0,0.28846153846153844,0.07692307692307693,0.8533057851239673,0.56,15,352,0.2,174
Demarai Gray,Leicester,51,8.0,0.47058823529411764,0.1568627450980392,1.9917355371900827,3.04,24,409,0.3,175
Wilfred Ndidi,Leicester,50,10.0,1.24,0.2,5.512396694214876,4.4,62,1730,2.2,176
Matty James,Leicester,43,0.0,0.0,0.0,0.0,0.0,0,0,0.1,177
Daniel Amartey,Leicester,43,0.0,0.0,0.0,0.0,0.0,0,0,0.3,178
Nampalys Mendy,Leicester,43,2.0,0.06976744186046512,0.046511627906976744,0.20867768595041325,0.6400000000000002,3,70,1.0,179
Hamza Choudhury,Leicester,43,10.0,0.5813953488372093,0.23255813953488372,2.299586776859504,4.4,25,546,0.9,180
Ayoze Pérez,Leicester,61,28.0,1.3934426229508197,0.45901639344262296,23.02685950413223,24.24,85,1180,6.1,265
James Justin,Leicester,48,2.0,0.14583333333333334,0.041666666666666664,0.8533057851239669,0.6400000000000002,7,110,0.1,433
Youri Tielemans,Leicester,63,7.0,1.2063492063492063,0.1111111111111111,9.52066115702479,0.64,76,1768,5.1,448
Andy King,Leicester,43,0.0,0.0,0.0,0.0,0.0,0,0,0.3,480
Dennis Praet,Leicester,53,13.0,0.6792452830188679,0.24528301886792453,5.5950413223140485,14.24,36,632,0.1,517
Filip Benkovic,Leicester,40,0.0,0.0,0.0,0.0,0.0,0,0,0.0,597
Andrew Robertson,Liverpool,70,31.0,1.4857142857142858,0.44285714285714284,9.198347107438016,14.560000000000002,104,1813,19.6,181
Trent Alexander-Arnold,Liverpool,75,44.0,1.5733333333333333,0.5866666666666667,25.322314049586772,64.96000000000001,118,1842,38.8,182
Virgil van Dijk,Liverpool,64,25.0,1.53125,0.390625,14.066115702479346,6.4,98,1890,40.1,183
Joseph Gomez,Liverpool,52,25.0,0.8653846153846154,0.4807692307692308,7.588842975206612,7.2,45,647,3.1,184
Joel Matip,Liverpool,52,0.0,0.6153846153846154,0.0,7.611570247933881,0.0,32,630,1.2,185
Dejan Lovren,Liverpool,53,0.0,0.3018867924528302,0.0,1.198347107438016,0.0,16,669,0.2,186
Roberto Firmino,Liverpool,93,25.0,1.075268817204301,0.26881720430107525,13.338842975206614,21.6,100,1710,9.6,187
Divock Origi,Liverpool,52,4.0,0.8269230769230769,0.07692307692307693,11.770661157024792,0.16000000000000006,43,407,2.6,188
Alisson Ramses Becker,Liverpool,61,27.0,0.8360655737704918,0.4426229508196721,7.944214876033058,8.64,51,1103,9.1,189
Simon Mignolet,Liverpool,45,0.0,0.0,0.0,0.0,0.0,0,0,0.0,190
Mohamed Salah,Liverpool,123,22.0,1.024390243902439,0.17886178861788618,23.47107438016529,11.440000000000001,126,1529,25.4,191
Sadio Mané,Liverpool,124,28.0,1.153225806451613,0.22580645161290322,22.431818181818183,14.639999999999997,143,1663,40.0,192
Alex Oxlade-Chamberlain,Liverpool,62,2.0,0.43548387096774194,0.03225806451612903,3.084710743801652,0.6400000000000001,27,567,0.4,193
Xherdan Shaqiri,Liverpool,63,1.0,0.2222222222222222,0.015873015873015872,2.4132231404958673,0.16000000000000003,14,174,0.2,194
Adam Lallana,Liverpool,58,8.0,0.39655172413793105,0.13793103448275862,2.9524793388429744,3.04,23,310,0.1,195
Naby Keita,Liverpool,58,4.0,0.3448275862068966,0.06896551724137931,8.628099173553723,1.36,20,196,0.3,196
Fabio Henrique Tavares,Liverpool,54,0.0,0.5925925925925926,0.0,4.793388429752064,0.0,32,1006,1.0,197
Jordan Henderson,Liverpool,54,12.0,1.1111111111111112,0.2222222222222222,4.380165289256198,1.4400000000000002,60,1436,1.1,198
Georginio Wijnaldum,Liverpool,54,12.0,1.1111111111111112,0.2222222222222222,4.743801652892562,1.4400000000000002,60,1672,2.2,199
James Milner,Liverpool,53,10.0,0.7924528301886793,0.18867924528301888,8.809917355371901,5.2,42,662,0.5,200
Rafael Camacho,Liverpool,45,0.0,0.0,0.0,0.0,0.0,0,0,0.0,201
Rhian Brewster,Liverpool,42,0.0,0.0,0.0,0.0,0.0,0,0,0.5,464
Adrián San Miguel del Castillo,Liverpool,41,0.0,0.6097560975609756,0.0,2.7541322314049586,0.0,25,783,2.2,526
Andy Lonergan,Liverpool,43,0.0,0.0,0.0,0.0,0.0,0,0,0.0,530
Caoimhin Kelleher,Liverpool,44,0.0,0.0,0.0,0.0,0.0,0,0,0.0,531
Harvey Elliott,Liverpool,45,1.0,0.022222222222222223,0.022222222222222223,0.043388429752066124,0.16000000000000003,1,1,0.0,550
Curtis Jones,Liverpool,45,0.0,0.022222222222222223,0.0,0.04338842975206614,0.0,1,14,0.0,569
Neco Williams,Liverpool,40,0.0,0.0,0.0,0.0,0.0,0,0,0.0,575
Nathaniel Phillips,Liverpool,40,0.0,0.0,0.0,0.0,0.0,0,0,0.0,589
Takumi Minamino,Liverpool,65,0.0,0.0,0.0,0.0,0.0,0,0,0.1,590
Aymeric Laporte,Man City,63,0.0,0.14285714285714285,0.0,1.6962809917355366,0.0,9,306,1.9,202
Kyle Walker,Man City,58,9.0,0.9310344827586207,0.15517241379310345,11.611570247933882,4.960000000000001,54,1447,11.4,203
Benjamin Mendy,Man City,55,10.0,0.5636363636363636,0.18181818181818182,4.241735537190084,2.8,31,831,1.0,204
Oleksandr Zinchenko,Man City,52,7.0,0.5,0.1346153846153846,4.603305785123967,7.839999999999999,26,680,2.5,206
John Stones,Man City,53,2.0,0.41509433962264153,0.03773584905660377,3.0,0.6400000000000001,22,789,1.0,207
Nicolás Otamendi,Man City,50,3.0,0.94,0.06,13.11776859504132,0.6399999999999999,47,1021,2.3,208
Danilo Luiz da Silva,Man City,50,0.0,0.0,0.0,0.0,0.0,0,0,0.0,209
Sergio Agüero,Man City,118,30.0,0.864406779661017,0.2542372881355932,30.0495867768595,57.2,102,994,12.9,210
Gabriel Fernando de Jesus,Man City,95,30.0,0.8842105263157894,0.3157894736842105,16.05785123966942,25.2,84,1087,2.9,211
Ederson Santana de Moraes,Man City,60,1.0,0.9833333333333333,0.016666666666666666,8.489669421487605,3.3600000000000003,59,1631,11.8,212
Claudio Bravo,Man City,48,10.0,0.22916666666666666,0.20833333333333334,1.7954545454545454,4.8,11,346,0.3,213
Raheem Sterling,Man City,118,19.0,0.9322033898305084,0.16101694915254236,21.272727272727273,12.559999999999999,110,1667,21.9,214
Kevin De Bruyne,Man City,107,34.0,1.4018691588785046,0.3177570093457944,27.603305785123972,18.160000000000004,150,1710,52.3,215
Leroy Sané,Man City,93,0.0,0.0,0.0,0.0,0.0,0,0,0.2,216
Riyad Mahrez,Man City,84,37.0,1.2619047619047619,0.44047619047619047,27.05785123966942,28.24,106,1083,6.7,217
Bernardo Mota Veiga de Carvalho e Silva,Man City,78,6.0,0.9230769230769231,0.07692307692307693,18.198347107438014,0.9600000000000002,72,1174,8.8,218
David Silva,Man City,74,6.0,1.1486486486486487,0.08108108108108109,16.208677685950413,3.7600000000000002,85,1107,4.5,219
Phil Foden,Man City,51,5.0,0.3137254901960784,0.09803921568627451,0.8347107438016527,0.4,16,258,0.3,220
Fernando Luiz Rosa,Man City,52,12.0,0.6923076923076923,0.23076923076923078,1.140495867768595,0.24,36,1545,0.7,221
Ilkay Gündogan,Man City,52,17.0,0.8461538461538461,0.3269230769230769,5.090909090909091,9.039999999999997,44,1214,1.3,222
José Ángel Esmorís Tasende,Man City,47,0.0,0.23404255319148937,0.0,1.7045454545454546,0.0,11,422,0.2,440
Rodrigo Hernandez,Man City,54,11.0,1.0185185185185186,0.2037037037037037,4.704545454545454,0.5599999999999999,55,1502,1.1,443
João Pedro Cavaco Cancelo,Man City,52,4.0,0.4423076923076923,0.07692307692307693,4.8615702479338845,0.9600000000000002,23,577,0.8,518
Eric Garcia,Man City,45,8.0,0.2222222222222222,0.17777777777777778,1.7024793388429755,5.44,10,257,0.1,544
Scott Carson,Man City,40,0.0,0.0,0.0,0.0,0.0,0,0,0.1,562
Aaron Wan-Bissaka,Man Utd,53,14.0,0.9245283018867925,0.2641509433962264,5.175619834710744,6.959999999999999,49,1700,14.2,122
Harry Maguire,Man Utd,52,18.0,1.0384615384615385,0.34615384615384615,4.0661157024793395,8.24,54,1980,9.7,160
Chris Smalling,Man Utd,52,0.0,0.0,0.0,0.0,0.0,0,0,0.1,223
Ashley Young,Man Utd,54,6.0,0.4444444444444444,0.1111111111111111,2.9008264462809916,5.76,24,953,0.4,224
Victor Lindelöf,Man Utd,53,17.0,1.0754716981132075,0.32075471698113206,6.0599173553719,6.639999999999999,57,1890,1.3,225
Luke Shaw,Man Utd,54,4.0,0.3333333333333333,0.07407407407407407,1.87603305785124,0.56,18,676,0.6,226
Marcos Rojo,Man Utd,48,0.0,0.0625,0.0,0.20867768595041322,0.0,3,121,0.1,227
Eric Bailly,Man Utd,49,0.0,0.0,0.0,0.0,0.0,0,0,0.0,228
José Diogo Dalot Teixeira,Man Utd,49,0.0,0.02040816326530612,0.0,0.04338842975206614,0.0,1,59,0.1,229
Matteo Darmian,Man Utd,49,0.0,0.0,0.0,0.0,0.0,0,0,0.0,230
Phil Jones,Man Utd,48,0.0,0.020833333333333332,0.0,0.04338842975206614,0.0,1,45,0.1,231
Romelu Lukaku,Man Utd,85,0.0,0.0,0.0,0.0,0.0,0,0,0.3,232
Marcus Rashford,Man Utd,92,31.0,1.4565217391304348,0.33695652173913043,16.264462809917354,15.36,134,1876,29.5,233
Mason Greenwood,Man Utd,43,15.0,0.9302325581395349,0.3488372093023256,5.512396694214875,9.2,40,415,12.0,234
David de Gea,Man Utd,54,17.0,1.2962962962962963,0.3148148148148148,6.148760330578512,6.640000000000001,70,1980,11.9,235
Sergio Romero,Man Utd,47,0.0,0.0,0.0,0.0,0.0,0,0,0.2,236
Lee Grant,Man Utd,48,0.0,0.0,0.0,0.0,0.0,0,0,0.1,237
Paul Pogba,Man Utd,84,2.0,0.20238095238095238,0.023809523809523808,3.721074380165288,0.24000000000000005,17,521,3.0,238
Anthony Martial,Man Utd,79,35.0,1.1265822784810127,0.4430379746835443,17.134297520661153,23.2,89,1271,13.2,239
Alexis Sánchez,Man Utd,68,0.0,0.0,0.0,0.0,0.0,0,0,0.4,240
Jesse Lingard,Man Utd,63,4.0,0.36507936507936506,0.06349206349206349,0.49793388429752067,0.56,23,859,0.8,241
Juan Mata,Man Utd,62,14.0,0.46774193548387094,0.22580645161290322,5.3078512396694215,16.959999999999997,29,516,0.3,242
Daniel James,Man Utd,60,9.0,1.2166666666666666,0.15,5.126033057851239,4.5600000000000005,73,1662,8.4,243
Frederico Rodrigues de Paula Santos,Man Utd,53,11.0,0.5849056603773585,0.20754716981132076,0.6962809917355374,0.15999999999999998,31,1408,0.2,244
Angel Gomes,Man Utd,48,1.0,0.041666666666666664,0.020833333333333332,0.08264462809917354,0.16000000000000003,2,19,0.1,245
Andreas Pereira,Man Utd,49,14.0,1.0408163265306123,0.2857142857142857,4.216942148760331,4.5600000000000005,51,1243,0.5,246
Nemanja Matic,Man Utd,48,8.0,0.2916666666666667,0.16666666666666666,1.2314049586776863,1.8400000000000003,14,418,0.3,247
Scott McTominay,Man Utd,50,2.0,1.1,0.04,6.886363636363637,0.6400000000000002,55,1451,1.2,248
Tahith Chong,Man Utd,43,0.0,0.046511627906976744,0.0,0.08264462809917353,0.0,2,24,0.7,249
James Garner,Man Utd,43,0.0,0.023255813953488372,0.0,0.04338842975206614,0.0,1,8,0.2,250
Axel Tuanzebe,Man Utd,44,0.0,0.1590909090909091,0.0,0.3987603305785122,0.0,7,187,0.1,481
Brandon Williams,Man Utd,40,15.0,0.6,0.375,6.264462809917356,16.0,24,448,3.0,549
Matt Ritchie,Newcastle,53,0.0,0.1509433962264151,0.0,1.2314049586776858,0.0,8,270,0.1,251
Fabian Schär,Newcastle,50,12.0,0.94,0.24,8.208677685950413,9.44,47,1285,1.3,252
DeAndre Yedlin,Newcastle,44,3.0,0.5227272727272727,0.06818181818181818,3.5888429752066107,0.24000000000000005,23,719,0.1,253
Federico Fernández,Newcastle,44,9.0,1.0909090909090908,0.20454545454545456,8.057851239669422,4.960000000000001,48,1193,0.6,254
Paul Dummett,Newcastle,44,9.0,1.0,0.20454545454545456,7.636363636363637,9.760000000000002,44,1227,0.2,255
Javier Manquillo,Newcastle,43,6.0,0.7441860465116279,0.13953488372093023,8.33884297520661,5.760000000000001,32,800,0.2,256
Florian Lejeune,Newcastle,44,10.0,0.22727272727272727,0.22727272727272727,1.7024793388429755,4.4,10,420,0.0,257
Jamaal Lascelles,Newcastle,42,0.0,0.9047619047619048,0.0,7.198347107438016,0.0,38,1000,2.3,258
Ciaran Clark,Newcastle,43,2.0,0.8372093023255814,0.046511627906976744,7.776859504132233,0.6400000000000001,36,855,0.3,259
Yoshinori Muto,Newcastle,51,2.0,0.1568627450980392,0.0392156862745098,0.32231404958677673,0.6400000000000001,8,201,0.1,260
Jose Luis Mato Sanmartín,Newcastle,50,0.0,0.0,0.0,0.0,0.0,0,0,0.0,261
Martin Dubravka,Newcastle,50,18.0,1.62,0.36,5.671487603305784,5.040000000000001,81,1980,1.4,262
Karl Darlow,Newcastle,43,0.0,0.0,0.0,0.0,0.0,0,0,0.1,263
Frederick Woodman,Newcastle,40,0.0,0.0,0.0,0.0,0.0,0,0,0.8,264
Miguel Almirón,Newcastle,58,24.0,1.0689655172413792,0.41379310344827586,4.694214876033057,12.16,62,1760,0.5,266
Christian Atsu,Newcastle,53,4.0,0.6415094339622641,0.07547169811320754,2.429752066115703,0.56,34,671,0.1,267
Sung-yueng Ki,Newcastle,47,0.0,0.0851063829787234,0.0,0.23966942148760326,0.0,4,135,0.0,268
Jonjo Shelvey,Newcastle,50,6.0,1.22,0.12,11.6301652892562,1.36,61,1075,1.1,269
Sean Longstaff,Newcastle,50,7.0,0.58,0.14,1.6714876033057848,0.24,29,964,0.3,270
Isaac Hayden,Newcastle,43,8.0,0.9534883720930233,0.18604651162790697,2.8450413223140494,1.0400000000000003,41,1545,3.6,271
Joelinton Cássio Apolinário de Lira,Newcastle,55,12.0,0.9090909090909091,0.21818181818181817,2.6528925619834705,1.8400000000000003,50,1678,0.8,466
Jack Colback,Newcastle,44,0.0,0.0,0.0,0.0,0.0,0,0,0.1,482
Jacob Murphy,Newcastle,48,0.0,0.0,0.0,0.0,0.0,0,0,0.0,483
Jetro Willems,Newcastle,46,3.0,1.3695652173913044,0.06521739130434782,10.390495867768594,0.6399999999999999,63,1481,2.3,498
Rolando Aarons,Newcastle,48,0.0,0.0,0.0,0.0,0.0,0,0,0.0,499
Allan Saint-Maximin,Newcastle,54,0.0,0.5740740740740741,0.0,3.6962809917355357,0.0,31,815,0.2,500
Emil Krafth,Newcastle,43,2.0,0.32558139534883723,0.046511627906976744,1.68595041322314,0.24000000000000005,14,463,0.1,519
Andy Carroll,Newcastle,54,8.0,0.46296296296296297,0.14814814814814814,2.299586776859504,3.44,25,507,0.1,520
Matthew Longstaff,Newcastle,45,8.0,0.4888888888888889,0.17777777777777778,6.181818181818182,7.440000000000002,22,449,0.2,540
Dwight Gayle,Newcastle,50,7.0,0.24,0.14,0.793388429752066,1.8399999999999999,12,178,0.0,554
Robert Elliot,Newcastle,40,0.0,0.0,0.0,0.0,0.0,0,0,0.1,573
Thomas Allan,Newcastle,45,0.0,0.0,0.0,0.0,0.0,0,0,0.0,598
Kelland Watts,Newcastle,40,0.0,0.0,0.0,0.0,0.0,0,0,0.0,599
Timm Klose,Norwich,43,0.0,0.0,0.0,0.0,0.0,0,0,0.0,272
Ben Godfrey,Norwich,44,0.0,0.4772727272727273,0.0,1.5888429752066116,0.0,21,1489,0.2,273
Maximillian Aarons,Norwich,43,6.0,0.627906976744186,0.13953488372093023,2.3574380165289255,0.9600000000000002,27,1800,1.1,274
Christoph Zimmermann,Norwich,44,5.0,0.4318181818181818,0.11363636363636363,1.7541322314049588,0.4,19,935,0.0,275
Jamal Lewis,Norwich,45,1.0,0.4666666666666667,0.022222222222222223,2.3161157024793386,0.16000000000000003,21,1162,0.2,276
Grant Hanley,Norwich,40,4.0,0.125,0.1,0.6301652892561984,0.56,5,709,2.0,277
Teemu Pukki,Norwich,65,7.0,1.5384615384615385,0.1076923076923077,19.338842975206607,0.64,100,1867,13.1,278
Dennis Srbeny,Norwich,52,1.0,0.25,0.019230769230769232,1.6053719008264458,0.16000000000000006,13,41,0.0,279
Tim Krul,Norwich,45,6.0,1.288888888888889,0.13333333333333333,13.958677685950413,0.56,58,1800,2.2,280
Michael McGovern,Norwich,40,0.0,0.275,0.0,3.6136363636363638,0.0,11,158,7.1,281
Mario Vrancic,Norwich,62,13.0,0.2903225806451613,0.20967741935483872,2.3305785123966944,5.040000000000001,18,352,0.1,282
Emiliano Buendía,Norwich,60,22.0,1.1833333333333333,0.36666666666666664,5.902892561983472,5.4399999999999995,71,1682,0.9,283
Onel Hernández,Norwich,53,6.0,0.5849056603773585,0.11320754716981132,2.423553719008264,0.16,31,744,0.1,284
Marco Stiepermann,Norwich,51,3.0,0.45098039215686275,0.058823529411764705,0.7706611570247933,0.6399999999999999,23,918,0.1,285
Kenny McLean,Norwich,49,9.0,0.9183673469387755,0.1836734693877551,1.225206611570248,0.16,45,1658,0.2,286
Todd Cantwell,Norwich,49,25.0,1.7551020408163265,0.5102040816326531,11.809917355371901,16.8,86,1536,24.1,287
Moritz Leitner,Norwich,43,0.0,0.37209302325581395,0.0,1.0165289256198342,0.0,16,683,0.2,288
Alexander Tettey,Norwich,45,8.0,0.8444444444444444,0.17777777777777778,3.925619834710743,0.24,38,1198,0.4,289
Tom Trybull,Norwich,44,4.0,0.5681818181818182,0.09090909090909091,1.0268595041322315,0.56,25,1022,0.6,290
Josip Drmic,Norwich,53,0.0,0.22641509433962265,0.0,1.1570247933884306,0.0,12,115,0.1,434
Patrick Roberts,Norwich,51,0.0,0.058823529411764705,0.0,0.11776859504132227,0.0,3,24,0.0,435
Ralf Fahrmann,Norwich,44,0.0,0.022727272727272728,0.0,0.04338842975206614,0.0,1,21,0.3,449
Sam Byram,Norwich,44,4.0,0.36363636363636365,0.09090909090909091,1.3801652892561982,0.9600000000000002,16,996,0.1,454
Philip Heise,Norwich,39,0.0,0.0,0.0,0.0,0.0,0,0,0.8,484
Ibrahim Amadou,Norwich,45,1.0,0.4,0.022222222222222223,0.8760330578512394,0.16000000000000003,18,756,0.1,507
Adam Idah,Norwich,44,3.0,0.06818181818181818,0.06818181818181818,0.20867768595041325,0.64,3,65,0.1,538
Archie Mair,Norwich,40,0.0,0.0,0.0,0.0,0.0,0,0,0.1,551
Akin Famewo,Norwich,40,0.0,0.0,0.0,0.0,0.0,0,0,0.1,552
Lys Mousset,Sheffield Utd,47,7.0,1.3829787234042554,0.14893617021276595,11.134297520661157,0.24,65,881,3.2,70
Enda Stevens,Sheffield Utd,51,16.0,1.6666666666666667,0.3137254901960784,7.481404958677687,8.559999999999999,85,1980,2.3,291
Kieron Freeman,Sheffield Utd,42,0.0,0.0,0.0,0.0,0.0,0,0,0.1,292
Jack O'Connell,Sheffield Utd,46,17.0,1.6304347826086956,0.3695652173913043,7.969008264462811,6.639999999999999,75,1980,2.4,293
George Baldock,Sheffield Utd,51,20.0,1.9019607843137254,0.39215686274509803,9.878099173553716,6.0,97,1980,11.6,294
John Egan,Sheffield Utd,45,16.0,1.5555555555555556,0.35555555555555557,6.239669421487604,5.36,70,1878,1.0,295
Richard Stearman,Sheffield Utd,39,0.0,0.0,0.0,0.0,0.0,0,0,2.5,296
John Lundstram,Sheffield Utd,51,15.0,2.0392156862745097,0.29411764705882354,26.925619834710744,6.4,104,1837,47.5,297
Billy Sharp,Sheffield Utd,56,3.0,0.2857142857142857,0.05357142857142857,3.0165289256198347,0.24000000000000005,16,289,0.3,298
Jake Eastwood,Sheffield Utd,43,0.0,0.0,0.0,0.0,0.0,0,0,0.1,299
Mark Duffy,Sheffield Utd,52,0.0,0.0,0.0,0.0,0.0,0,0,0.0,300
John Fleck,Sheffield Utd,49,15.0,1.510204081632653,0.30612244897959184,16.59504132231405,9.6,74,1648,2.9,301
Oliver Norwood,Sheffield Utd,49,20.0,1.2244897959183674,0.40816326530612246,3.1983471074380163,9.2,60,1833,0.3,302
David McGoldrick,Sheffield Utd,54,7.0,0.7407407407407407,0.12962962962962962,2.87603305785124,0.24,40,1314,0.2,303
Chris Basham,Sheffield Utd,45,15.0,1.511111111111111,0.3333333333333333,5.1735537190082646,4.4,68,1920,0.8,423
Simon Moore,Sheffield Utd,44,0.0,0.022727272727272728,0.0,0.04338842975206614,0.0,1,90,0.1,436
Luke Freeman,Sheffield Utd,51,1.0,0.21568627450980393,0.0196078431372549,0.5227272727272727,0.16000000000000006,11,322,0.1,441
Phil Jagielka,Sheffield Utd,42,0.0,0.09523809523809523,0.0,0.14876033057851235,0.0,4,128,0.4,444
Callum Robinson,Sheffield Utd,50,1.0,0.62,0.02,5.605371900826444,0.16000000000000006,31,634,0.3,453
Ravel Morrison,Sheffield Utd,46,0.0,0.021739130434782608,0.0,0.04338842975206614,0.0,1,12,0.1,456
Dean Henderson,Sheffield Utd,49,23.0,1.7755102040816326,0.46938775510204084,8.043388429752065,16.640000000000004,87,1890,10.2,471
Ben Osborn,Sheffield Utd,47,1.0,0.0851063829787234,0.02127659574468085,0.14876033057851235,0.16000000000000006,4,51,0.0,472
Oliver McBurnie,Sheffield Utd,57,19.0,0.8245614035087719,0.3333333333333333,4.754132231404958,9.36,47,889,0.2,501
Michael Verrips,Sheffield Utd,44,0.0,0.0,0.0,0.0,0.0,0,0,0.0,521
Muhamed Bešić,Sheffield Utd,44,4.0,0.1590909090909091,0.09090909090909091,0.3078512396694215,0.56,7,152,0.1,522
Leon Clarke,Sheffield Utd,45,0.0,0.022222222222222223,0.0,0.04338842975206614,0.0,1,13,0.1,547
Jack Rodwell,Sheffield Utd,45,0.0,0.0,0.0,0.0,0.0,0,0,0.0,591
Jannik Vestergaard,Southampton,47,0.0,0.6808510638297872,0.0,8.702479338842972,0.0,32,933,2.3,304
Ryan Bertrand,Southampton,48,17.0,0.6666666666666666,0.3541666666666667,6.793388429752065,3.04,32,1392,0.7,305
Yan Valery,Southampton,46,0.0,0.1956521739130435,0.0,0.6962809917355373,0.0,9,554,0.1,306
Jan Bednarek,Southampton,44,19.0,1.0681818181818181,0.4318181818181818,5.299586776859504,5.76,47,1977,0.7,307
Jack Stephens,Southampton,43,31.0,1.0232558139534884,0.7209302325581395,9.545454545454545,14.560000000000002,44,1197,1.4,308
Maya Yoshida,Southampton,42,0.0,0.23809523809523808,0.0,2.520661157024794,0.0,10,558,0.3,310
Kayne Ramsay,Southampton,39,0.0,0.0,0.0,0.0,0.0,0,0,1.6,311
Charlie Austin,Southampton,60,0.0,0.0,0.0,0.0,0.0,0,0,0.0,312
Danny Ings,Southampton,68,37.0,1.8088235294117647,0.5441176470588235,12.332644628099176,16.640000000000004,123,1526,23.9,313
Michael Obafemi,Southampton,49,10.0,0.3469387755102041,0.20408163265306123,2.8119834710743805,9.2,17,270,0.2,314
Shane Long,Southampton,46,11.0,0.5869565217391305,0.2391304347826087,2.721074380165289,5.36,27,600,1.8,315
Sam Gallagher,Southampton,45,0.0,0.0,0.0,0.0,0.0,0,0,0.0,316
Fraser Forster,Southampton,43,0.0,0.0,0.0,0.0,0.0,0,0,0.3,317
Alex McCarthy,Southampton,43,23.0,0.8604651162790697,0.5348837209302325,4.671487603305786,5.84,37,1080,2.0,318
Angus Gunn,Southampton,43,0.0,0.6744186046511628,0.0,5.853305785123967,0.0,29,900,1.6,319
Nathan Redmond,Southampton,62,17.0,0.8387096774193549,0.27419354838709675,5.049586776859505,5.4399999999999995,52,1698,0.6,320
James Ward-Prowse,Southampton,58,12.0,1.2586206896551724,0.20689655172413793,6.126033057851239,1.0400000000000003,73,1980,1.7,321
Mohamed Elyounoussi,Southampton,53,0.0,0.0,0.0,0.0,0.0,0,0,0.0,322
Stuart Armstrong,Southampton,52,18.0,0.6538461538461539,0.34615384615384615,4.15702479338843,7.840000000000001,34,704,0.1,323
Mario Lemina,Southampton,47,0.0,0.0,0.0,0.0,0.0,0,0,0.1,324
Pierre-Emile Højbjerg,Southampton,48,14.0,1.0416666666666667,0.2916666666666667,2.289256198347107,2.960000000000001,50,1817,0.4,325
Tyreke Johnson,Southampton,44,0.0,0.0,0.0,0.0,0.0,0,0,0.0,326
Callum Slattery,Southampton,44,0.0,0.0,0.0,0.0,0.0,0,0,0.3,327
Oriol Romeu Vidal,Southampton,43,4.0,0.6976744186046512,0.09302325581395349,0.7768595041322314,0.16,30,1127,1.6,328
Che Adams,Southampton,53,9.0,0.5660377358490566,0.16981132075471697,1.5950413223140496,1.7600000000000002,30,639,0.3,437
Moussa Djenepo,Southampton,52,2.0,0.6153846153846154,0.038461538461538464,6.4297520661157,0.24000000000000005,32,652,0.1,438
Wesley Hoedt,Southampton,43,0.0,0.0,0.0,0.0,0.0,0,0,0.0,485
Cédric Soares,Southampton,48,21.0,0.7916666666666666,0.4375,5.3801652892561975,8.16,38,1196,0.2,486
Sofiane Boufal,Southampton,55,2.0,0.4909090909090909,0.03636363636363636,2.2665289256198338,0.6400000000000002,27,557,0.1,508
Kevin Danso,Southampton,42,0.0,0.21428571428571427,0.0,1.7871900826446279,0.0,9,275,0.0,532
Daniel N'Lundulu,Southampton,45,0.0,0.0,0.0,0.0,0.0,0,0,0.1,535
Harry Lewis,Southampton,40,0.0,0.0,0.0,0.0,0.0,0,0,0.2,548
William Smallbone,Southampton,45,0.0,0.0,0.0,0.0,0.0,0,0,0.0,584
Ben Davies,Spurs,53,0.0,0.1509433962264151,0.0,0.41322314049586756,0.0,8,360,0.1,329
Jan Vertonghen,Spurs,52,6.0,0.7884615384615384,0.11538461538461539,8.754132231404963,0.56,41,1198,1.9,330
Toby Alderweireld,Spurs,54,6.0,0.8148148148148148,0.1111111111111111,4.7272727272727275,0.9600000000000002,44,1890,5.0,331
Danny Rose,Spurs,53,3.0,0.32075471698113206,0.05660377358490566,1.3574380165289257,0.6399999999999999,17,891,1.3,332
Davinson Sánchez,Spurs,53,5.0,0.4716981132075472,0.09433962264150944,1.6632231404958675,0.4,25,1440,0.9,333
Kieran Trippier,Spurs,55,0.0,0.0,0.0,0.0,0.0,0,0,0.1,334
Juan Foyth,Spurs,49,1.0,0.061224489795918366,0.02040816326530612,0.11776859504132231,0.16000000000000006,3,66,0.0,335
Serge Aurier,Spurs,50,8.0,1.14,0.16,13.150826446280997,3.84,57,1444,6.1,336
Kyle Walker-Peters,Spurs,44,0.0,0.11363636363636363,0.0,0.3574380165289256,0.0,5,241,0.5,337
Harry Kane,Spurs,109,20.0,0.9541284403669725,0.1834862385321101,16.925619834710744,11.2,104,1778,10.5,338
Vincent Janssen,Spurs,45,0.0,0.0,0.0,0.0,0.0,0,0,0.1,339
Hugo Lloris,Spurs,53,0.0,0.4339622641509434,0.0,3.6797520661157024,0.0,23,548,3.2,340
Paulo Gazzaniga,Spurs,46,9.0,0.9347826086956522,0.1956521739130435,3.8615702479338836,1.36,43,1432,4.0,341
Heung-Min Son,Spurs,98,1.0,0.9285714285714286,0.01020408163265306,21.935950413223143,0.9600000000000002,91,1384,6.7,342
Christian Eriksen,Spurs,86,14.0,0.5348837209302325,0.16279069767441862,5.900826446280991,9.760000000000002,46,1045,2.7,343
Bamidele Alli,Spurs,86,15.0,0.8953488372093024,0.1744186046511628,16.704545454545453,6.4,77,1253,8.6,344
Lucas Rodrigues Moura da Silva,Spurs,71,10.0,0.8169014084507042,0.14084507042253522,5.867768595041323,0.4,58,1097,4.9,345
Erik Lamela,Spurs,57,3.0,0.6140350877192983,0.05263157894736842,8.15082644628099,0.24000000000000005,35,654,1.1,346
Harry Winks,Spurs,52,3.0,0.4807692307692308,0.057692307692307696,0.5723140495867768,0.6399999999999999,25,1084,0.3,347
Victor Wanyama,Spurs,48,0.0,0.020833333333333332,0.0,0.04338842975206614,0.0,1,24,0.1,348
Moussa Sissoko,Spurs,49,3.0,1.0,0.061224489795918366,3.8119834710743814,0.24000000000000005,49,1688,1.6,349
Eric Dier,Spurs,49,2.0,0.30612244897959184,0.04081632653061224,1.035123966942149,0.24000000000000005,15,611,0.2,350
Luke Amos,Spurs,45,0.0,0.0,0.0,0.0,0.0,0,0,0.0,351
Oliver Skipp,Spurs,43,0.0,0.06976744186046512,0.0,0.11776859504132227,0.0,3,12,0.5,352
Tanguy Ndombele,Spurs,58,4.0,0.6206896551724138,0.06896551724137931,5.140495867768594,0.56,36,797,2.4,442
Troy Parrott,Spurs,43,0.0,0.023255813953488372,0.0,0.04338842975206614,0.0,1,5,0.8,509
Giovani Lo Celso,Spurs,73,6.0,0.2054794520547945,0.0821917808219178,0.48966942148760323,0.56,15,353,0.2,523
Ryan Sessegnon,Spurs,54,5.0,0.12962962962962962,0.09259259259259259,0.3987603305785124,0.8,7,251,0.1,524
Georges-Kévin Nkoudou,Spurs,50,0.0,0.02,0.0,0.04338842975206614,0.0,1,2,0.0,527
Alfie Whiteman,Spurs,40,0.0,0.0,0.0,0.0,0.0,0,0,0.6,543
Michel Vorm,Spurs,43,0.0,0.0,0.0,0.0,0.0,0,0,0.0,555
Brandon Austin,Spurs,40,0.0,0.0,0.0,0.0,0.0,0,0,0.2,558
Japhet Tanganga,Spurs,40,2.0,0.05,0.05,0.1735537190082645,0.6400000000000001,2,90,0.1,583
José Holebas,Watford,46,1.0,0.34782608695652173,0.021739130434782608,3.1983471074380163,0.16000000000000003,16,1004,0.7,353
Christian Kabasele,Watford,43,18.0,1.069767441860465,0.4186046511627907,9.355371900826446,19.440000000000005,46,1124,0.5,354
Adam Masina,Watford,43,9.0,0.5348837209302325,0.20930232558139536,4.588842975206612,6.960000000000001,23,591,0.1,355
Adrian Mariappa,Watford,42,13.0,0.40476190476190477,0.30952380952380953,4.0847107438016526,11.84,17,866,0.2,356
Francisco Femenía Far,Watford,42,15.0,0.6904761904761905,0.35714285714285715,4.126033057851239,6.4,29,1344,0.7,357
Craig Cathcart,Watford,43,22.0,1.372093023255814,0.5116279069767442,6.126033057851239,6.640000000000001,59,1723,2.1,358
Daryl Janmaat,Watford,41,0.0,0.8780487804878049,0.0,11.685950413223141,0.0,36,606,0.7,359
Marc Navarro,Watford,39,0.0,0.0,0.0,0.0,0.0,0,0,0.3,360
Sebastian Prödl,Watford,40,0.0,0.025,0.0,0.04338842975206614,0.0,1,56,1.1,361
Troy Deeney,Watford,62,28.0,0.6290322580645161,0.45161290322580644,8.448347107438016,15.440000000000003,39,903,1.1,362
Gerard Deulofeu,Watford,61,23.0,1.1639344262295082,0.3770491803278688,10.53925619834711,15.039999999999997,71,1625,2.8,363
Andre Gray,Watford,56,5.0,0.6071428571428571,0.08928571428571429,3.4297520661157033,2.4,34,697,0.4,364
Isaac Success Ajayi,Watford,48,1.0,0.08333333333333333,0.020833333333333332,0.14876033057851235,0.16000000000000006,4,50,0.4,365
Ben Foster,Watford,49,28.0,1.7755102040816326,0.5714285714285714,11.225206611570247,9.840000000000002,87,1980,3.6,366
Pontus Dahlberg,Watford,43,0.0,0.0,0.0,0.0,0.0,0,0,0.1,367
Abdoulaye Doucouré,Watford,56,31.0,1.25,0.5535714285714286,10.876033057851238,24.96,70,1826,1.3,368
Roberto Pereyra,Watford,56,9.0,0.6071428571428571,0.16071428571428573,2.793388429752066,4.5600000000000005,34,880,0.6,369
Will Hughes,Watford,53,6.0,0.7924528301886793,0.11320754716981132,4.537190082644628,1.36,42,1154,0.3,370
Tom Cleverley,Watford,48,0.0,0.5,0.0,3.9008264462809934,0.0,24,645,0.1,371
Ken Sema,Watford,48,0.0,0.0,0.0,0.0,0.0,0,0,0.0,372
Etienne Capoue,Watford,48,15.0,0.875,0.3125,2.5371900826446283,2.4,42,1508,0.3,373
Nathaniel Chalobah,Watford,44,13.0,0.4772727272727273,0.29545454545454547,1.9524793388429749,3.44,21,562,0.2,374
Domingos Quina,Watford,44,1.0,0.09090909090909091,0.022727272727272728,0.14876033057851235,0.16000000000000003,4,18,0.1,375
Craig Dawson,Watford,48,9.0,0.6041666666666666,0.1875,3.671487603305785,4.5600000000000005,29,1279,0.2,439
Danny Welbeck,Watford,58,0.0,0.1206896551724138,0.0,0.3987603305785122,0.0,7,208,0.1,512
Heurelho da Silva Gomes,Watford,44,0.0,0.0,0.0,0.0,0.0,0,0,0.2,513
Ismaïla Sarr,Watford,62,32.0,0.8548387096774194,0.5161290322580645,10.332644628099175,15.040000000000001,53,941,1.2,525
Dimitri Foulquier,Watford,40,0.0,0.025,0.0,0.134297520661157,0.0,1,57,0.2,542
Ayotomiwa Dele-Bashiru,Watford,45,0.0,0.0,0.0,0.0,0.0,0,0,0.0,563
João Pedro Junqueira de Jesus,Watford,50,0.0,0.0,0.0,0.0,0.0,0,0,0.0,592
Aaron Cresswell,West Ham,47,7.0,1.148936170212766,0.14893617021276595,17.429752066115707,3.84,54,1303,1.3,376
Angelo Ogbonna,West Ham,45,9.0,1.3111111111111111,0.2,7.2169421487603325,4.96,59,1440,1.5,377
Arthur Masuaku,West Ham,42,3.0,0.5476190476190477,0.07142857142857142,6.407024793388433,0.64,23,637,0.5,378
Pablo Zabaleta,West Ham,42,2.0,0.19047619047619047,0.047619047619047616,0.41322314049586767,0.6400000000000001,8,378,0.5,379
Ryan Fredericks,West Ham,45,12.0,1.2222222222222223,0.26666666666666666,9.25,18.64,55,1537,0.5,380
Issa Diop,West Ham,44,0.0,0.6363636363636364,0.0,5.107438016528927,0.0,28,1235,2.1,381
Fabián Balbuena,West Ham,43,10.0,0.8372093023255814,0.23255813953488372,6.867768595041323,4.4,36,1081,0.5,382
Winston Reid,West Ham,39,0.0,0.0,0.0,0.0,0.0,0,0,4.8,383
Ben Johnson,West Ham,39,0.0,0.0,0.0,0.0,0.0,0,0,1.3,384
Marko Arnautovic,West Ham,70,0.0,0.0,0.0,0.0,0.0,0,0,0.1,385
Javier Hernández Balcázar,West Ham,60,0.0,0.15,0.0,2.787190082644628,0.0,9,106,0.4,386
Alexandre Nascimento Costa Silva,West Ham,43,0.0,0.0,0.0,0.0,0.0,0,0,0.9,387
Lukasz Fabianski,West Ham,49,15.0,0.9591836734693877,0.30612244897959184,10.390495867768594,11.2,47,767,2.8,388
Michail Antonio,West Ham,69,6.0,0.37681159420289856,0.08695652173913043,3.2396694214876045,3.7600000000000002,26,550,0.7,389
Felipe Anderson Pereira Gomes,West Ham,66,17.0,0.8636363636363636,0.25757575757575757,4.514462809917355,9.44,57,1337,3.1,390
Manuel Lanzini,West Ham,62,6.0,0.6129032258064516,0.0967741935483871,3.7438016528925613,0.56,38,936,0.7,391
Andriy Yarmolenko,West Ham,53,0.0,0.9245283018867925,0.0,10.993801652892563,0.0,49,822,0.9,392
Robert Snodgrass,West Ham,52,16.0,1.0,0.3076923076923077,8.41322314049587,10.16,52,1020,0.4,393
Jack Wilshere,West Ham,47,0.0,0.1276595744680851,0.0,0.1983471074380166,0.0,6,174,0.2,394
Declan Rice,West Ham,47,12.0,1.0212765957446808,0.2553191489361702,1.694214876033058,5.839999999999999,48,1890,1.5,395
Mark Noble,West Ham,50,20.0,1.28,0.4,12.082644628099171,36.8,64,1429,0.8,396
Carlos Sánchez,West Ham,43,2.0,0.16279069767441862,0.046511627906976744,0.3078512396694215,0.6400000000000002,7,112,0.4,397
Grady Diangana,West Ham,44,0.0,0.0,0.0,0.0,0.0,0,0,0.1,398
Pablo Fornals,West Ham,60,15.0,0.85,0.25,5.216942148760331,13.2,51,1108,0.5,399
Pedro Obiang,West Ham,45,0.0,0.0,0.0,0.0,0.0,0,0,0.0,400
Roberto Jimenez Gago,West Ham,44,1.0,0.4090909090909091,0.022727272727272728,1.6942148760330582,0.16000000000000006,18,686,0.4,450
Sébastien Haller,West Ham,70,11.0,1.0571428571428572,0.15714285714285714,9.958677685950413,4.16,74,1579,2.4,457
Albian Ajeti,West Ham,57,2.0,0.12280701754385964,0.03508771929824561,0.21694214876033058,0.24000000000000005,7,122,0.0,514
David Martin,West Ham,41,2.0,0.4878048780487805,0.04878048780487805,5.264462809917355,0.6400000000000001,20,435,1.8,553
Nathan Holland,West Ham,45,0.0,0.044444444444444446,0.0,0.08264462809917353,0.0,2,31,0.0,568
Joseph Anang,West Ham,40,0.0,0.0,0.0,0.0,0.0,0,0,0.1,582
Jeremy Ngakia,West Ham,40,0.0,0.0,0.0,0.0,0.0,0,0,0.0,593
Gonçalo Bento Soares Cardoso,West Ham,40,0.0,0.0,0.0,0.0,0.0,0,0,0.0,594
Bernardo Costa Da Rosa,West Ham,45,0.0,0.0,0.0,0.0,0.0,0,0,0.0,595
Matt Doherty,Wolves,61,15.0,1.2295081967213115,0.2459016393442623,12.87809917355372,8.0,75,1517,4.9,401
Jonathan Castro Otto,Wolves,54,6.0,0.9444444444444444,0.1111111111111111,4.489669421487603,0.56,51,1754,1.1,402
Conor Coady,Wolves,50,8.0,1.06,0.16,4.0599173553719,0.24,53,1980,1.6,403
Ryan Bennett,Wolves,49,3.0,0.42857142857142855,0.061224489795918366,2.9524793388429744,0.6399999999999999,21,603,0.3,404
Willy Boly,Wolves,48,0.0,0.7083333333333334,0.0,7.06611570247934,0.0,34,720,2.0,405
Rúben Gonçalo Silva Nascimento Vinagre,Wolves,42,5.0,0.35714285714285715,0.11904761904761904,1.671487603305785,0.4,15,338,0.3,406
Romain Saïss,Wolves,44,12.0,0.8863636363636364,0.2727272727272727,4.993801652892561,5.4399999999999995,39,1353,0.9,407
Max Kilman,Wolves,40,2.0,0.1,0.05,0.33057851239669417,0.6400000000000002,4,180,2.2,408
Raúl Jiménez,Wolves,75,23.0,1.44,0.30666666666666664,9.900826446280991,14.639999999999997,108,1847,18.0,409
Diogo Jota,Wolves,61,7.0,0.8688524590163934,0.11475409836065574,8.78719008264463,0.64,53,1385,2.8,410
Rui Pedro dos Santos Patrício,Wolves,52,15.0,1.5192307692307692,0.28846153846153844,5.969008264462809,3.2,79,1980,10.2,411
John Ruddy,Wolves,43,0.0,0.0,0.0,0.0,0.0,0,0,0.4,412
Will Norris,Wolves,40,0.0,0.0,0.0,0.0,0.0,0,0,0.6,413
Rúben Diogo da Silva Neves,Wolves,53,11.0,1.0566037735849056,0.20754716981132076,5.24793388429752,2.1600000000000006,56,1682,4.7,414
João Filipe Iria Santos Moutinho,Wolves,54,20.0,1.462962962962963,0.37037037037037035,6.4235537190082646,3.2,79,1889,5.7,415
Morgan Gibbs-White,Wolves,47,0.0,0.14893617021276595,0.0,0.8533057851239672,0.0,7,119,0.1,416
Adama Traoré,Wolves,57,20.0,1.4912280701754386,0.3508771929824561,16.754132231404963,20.4,85,1670,17.0,417
Hélder Costa,Wolves,49,0.0,0.0,0.0,0.0,0.0,0,0,0.0,418
Ivan Cavaleiro,Wolves,49,0.0,0.0,0.0,0.0,0.0,0,0,0.0,419
Leander Dendoncker,Wolves,44,17.0,1.2954545454545454,0.38636363636363635,6.787190082644629,11.04,57,1817,9.9,420
Jesús Vallejo Lázaro,Wolves,47,0.0,0.02127659574468085,0.0,0.04338842975206614,0.0,1,162,0.2,473
Patrick Cutrone,Wolves,55,1.0,0.41818181818181815,0.01818181818181818,2.0433884297520657,0.16000000000000006,23,292,0.5,487
Pedro Lomba Neto,Wolves,50,12.0,0.54,0.24,2.357438016528925,3.44,27,436,0.1,528
Bernard Ashley-Seal,Wolves,45,0.0,0.0,0.0,0.0,0.0,0,0,0.1,559
Taylor Perry,Wolves,45,0.0,0.0,0.0,0.0,0.0,0,0,0.0,560
Owen Otasowie,Wolves,45,0.0,0.0,0.0,0.0,0.0,0,0,0.0,566
Luke Cundle,Wolves,45,0.0,0.0,0.0,0.0,0.0,0,0,0.0,567
Oskar Buur,Wolves,40,0.0,0.0,0.0,0.0,0.0,0,0,0.0,587
